id;name;thumb_file_url;original_link_url;time;sequence;activated;created_by;created_date;last_modified_by;last_modified_date
1;Towels;National;deposit;grey;29939;true;AI;2021-07-24T16:30:11;Cambridgeshire Producer;2021-07-24T11:25:58
2;knowledge;impactful Peso;projection Buckinghamshire Cotton;COM stable;88745;false;quantify 읍 JSON;2021-07-24T15:28:01;open;2021-07-24T08:11:37
3;Metal;Customer systems;synthesizing;mint AI Usability;77203;true;Towels;2021-07-24T17:33:41;system parse;2021-07-25T05:47:35
4;Tools;Generic Table;Secured Ecuador;tan Avon;17995;true;Implementation 대구;2021-07-24T17:16:10;Tools;2021-07-24T22:53:31
5;JSON Car port;Honduras;Gorgeous Personal;Tools;72129;true;Anguilla;2021-07-25T04:49:57;web-readiness services;2021-07-25T02:59:40
6;Central calculating;reinvent system turn-key;frictionless;challenge Auto secured;79465;false;Market;2021-07-24T08:05:10;광주 matrix;2021-07-25T06:23:24
7;protocol 대전;Awesome panel red;withdrawal digital;Intranet Soap;89811;true;Frozen Quality synthesize;2021-07-24T08:55:24;scale;2021-07-24T21:43:49
8;CSS Pizza Supervisor;monitor;Account neural;solutions compressing Dollar;10153;false;parsing 동;2021-07-24T21:37:00;Incredible Manat;2021-07-24T16:53:52
9;Movies embrace;읍;granular withdrawal 동;Tactics 5th Optimization;32554;true;Tuna card Japan;2021-07-25T06:27:25;bluetooth 대전;2021-07-24T22:53:25
10;Jewelery benchmark;Kingdom Cambridgeshire;evolve Account;virtual Representative;62746;false;Jordanian;2021-07-25T03:49:31;copy Berkshire;2021-07-24T11:23:31
