id;name;description;file_url;order;activated;created_by;created_date;last_modified_by;last_modified_date
1;Tuna;../fake-data/blob/hipster.txt;Books GB;38335;false;Awesome parsing;2021-07-09T14:02:17;Berkshire;2021-07-09T13:24:01
2;Personal Coordinator;../fake-data/blob/hipster.txt;Awesome withdrawal Incredible;51960;false;withdrawal 대구;2021-07-09T09:21:48;cutting-edge Synergized;2021-07-09T23:55:37
3;bleeding-edge Metrics Markets;../fake-data/blob/hipster.txt;indexing Fresh transform;7511;false;clear-thinking;2021-07-09T08:49:21;definition Avon Chips;2021-07-10T02:14:54
4;aggregate up Small;../fake-data/blob/hipster.txt;composite;2108;false;Wooden complexity;2021-07-09T07:22:50;Grocery array;2021-07-09T04:12:31
5;hacking;../fake-data/blob/hipster.txt;capacitor;85518;false;Seychelles;2021-07-09T16:58:44;Dominican solid Namibia;2021-07-09T07:17:04
6;eyeballs Automotive;../fake-data/blob/hipster.txt;static Dominica Fantastic;73757;false;Moroccan;2021-07-09T14:26:42;Mali Avon HTTP;2021-07-09T19:35:26
7;Implementation feed Towels;../fake-data/blob/hipster.txt;Ball Forward Savings;41994;true;EXE;2021-07-09T17:59:05;Industrial Strategist;2021-07-10T01:01:55
8;Rubber Berkshire feed;../fake-data/blob/hipster.txt;payment 읍 Soap;16467;false;transmitting Accounts;2021-07-09T17:23:05;connecting 충북 maroon;2021-07-09T19:18:00
9;Rustic matrices Representative;../fake-data/blob/hipster.txt;Plastic;88791;true;synthesizing panel;2021-07-09T16:37:31;Architect Orchestrator;2021-07-09T19:35:42
10;fuchsia seize Refined;../fake-data/blob/hipster.txt;전남 evolve;93747;true;Usability 부산 면;2021-07-10T03:19:12;salmon applications;2021-07-09T05:04:50
