id;subject;content;activated;created_by;created_date;last_modified_by;last_modified_date
1;back strategic payment;읍;true;6th Loan Gabon;2021-08-13T07:20:54;Berkshire SQL;2021-08-14T02:40:31
2;Manat;purple salmon;true;Agent up;2021-08-13T13:31:27;Salad;2021-08-13T11:21:10
3;Dollar relationships;면 upward-trending encryption;false;infrastructure 부산 RAM;2021-08-13T10:37:45;protocol Car;2021-08-13T15:12:45
4;Unbranded;HDD Handcrafted Visionary;true;읍;2021-08-13T11:14:11;Integration Gloves;2021-08-13T23:59:01
5;action-items Licensed;부산 deposit Analyst;false;동 knowledge;2021-08-13T06:48:43;efficient maroon;2021-08-13T15:06:23
6;Bedfordshire;markets synthesize;true;Cambridgeshire and;2021-08-13T22:02:37;neural COM plum;2021-08-13T14:58:40
7;indigo;Internal;false;payment;2021-08-13T19:33:28;Fantastic index;2021-08-14T00:38:27
8;Response Up-sized;Borders;true;synthesize Steel silver;2021-08-13T04:32:42;Licensed;2021-08-14T03:09:20
9;경기 Strategist;Forint Puerto;true;bifurcated;2021-08-13T17:43:52;울산;2021-08-13T06:10:41
10;4th;면;true;읍;2021-08-13T05:52:34;SSL Card;2021-08-13T20:40:26
