id;name;type;main;sub;description;sequence;activated;created_by;created_date;last_modified_by;last_modified_date
1;web-readiness Fish calculating;읍 SAS Steel;Exclusive;withdrawal seize Car;../fake-data/blob/hipster.txt;7777;false;광주 Concrete;2021-07-25T06:30:48;Metal;2021-07-24T21:47:27
2;Norfolk orange;connect HDD payment;extensible;Jewelery Metrics 광주;../fake-data/blob/hipster.txt;18255;true;Markets e-markets Tasty;2021-07-24T15:34:21;Borders;2021-07-25T00:21:59
3;Web salmon;system-worthy Bedfordshire;withdrawal Chair;Awesome;../fake-data/blob/hipster.txt;15915;true;Practical compress Global;2021-07-24T15:22:59;deposit Assurance;2021-07-24T10:23:14
4;orchid 경기 backing;Generic encryption;synthesize Bahraini;RSS;../fake-data/blob/hipster.txt;42352;true;전북;2021-07-25T04:27:09;대구 Tools;2021-07-24T20:17:22
5;면 input invoice;Rubber;Human reboot grow;Dollar SQL Rupee;../fake-data/blob/hipster.txt;16878;false;program grey Frozen;2021-07-24T12:15:18;programming digital;2021-07-25T04:53:21
6;empowering Dollar Rand;initiatives convergence;technologies Fundamental;alarm target Cheese;../fake-data/blob/hipster.txt;45434;true;leading-edge;2021-07-24T08:01:42;Integration;2021-07-24T18:38:12
7;IB index;robust synthesizing Public-key;gold;Steel Tools Operations;../fake-data/blob/hipster.txt;35466;true;global deposit Metal;2021-07-24T15:45:01;Group;2021-07-24T14:10:42
8;Sports extranet modular;orange Fresh;Mouse;end-to-end Home calculate;../fake-data/blob/hipster.txt;5647;true;Technician Belgium Brand;2021-07-24T23:35:28;Horizontal Licensed Sausages;2021-07-24T13:41:53
9;Mobility;Internal programming;Bedfordshire Som;withdrawal Centralized 경북;../fake-data/blob/hipster.txt;34460;false;Franc Horizontal Quetzal;2021-07-24T09:15:20;frictionless hacking deposit;2021-07-25T03:25:45
10;action-items solutions copy;generating;Dynamic 읍 tertiary;invoice;../fake-data/blob/hipster.txt;89519;false;Solutions;2021-07-24T23:46:14;Account;2021-07-24T14:01:36
