id;name;type;count;status;display_date_from;display_date_to;activated;created_by;created_date;last_modified_by;last_modified_date
1;productivity Money Organized;Gold;24058;Generic input;2021-07-24T09:16:25;2021-07-24T19:05:42;false;Bedfordshire SDD Aruba;2021-07-25T06:04:57;Customer Concrete;2021-07-24T08:28:45
2;Operations emulation;International;68473;Intuitive;2021-07-24T15:53:20;2021-07-24T17:24:01;true;content-based Synergized Hat;2021-07-24T22:11:27;synthesize hierarchy 면;2021-07-25T04:54:52
3;Dynamic Leu Account;global;3266;Consultant Mauritius Division;2021-07-25T03:07:49;2021-07-24T14:46:43;true;parallelism Leu transmitting;2021-07-24T18:31:26;Visionary compress;2021-07-24T08:03:22
4;radical users Account;online;76101;leading-edge Branding Representative;2021-07-24T13:31:55;2021-07-24T11:00:11;false;Berkshire value-added protocol;2021-07-25T05:31:16;Garden;2021-07-25T04:43:30
5;FTP Designer;Legacy Bedfordshire Towels;86708;local SAS;2021-07-24T14:05:29;2021-07-24T08:10:01;false;Rustic Account Enhanced;2021-07-24T16:11:04;Account;2021-07-24T14:35:43
6;synergize;경기 Timor-Leste;59479;SDD Interactions;2021-07-25T00:51:06;2021-07-24T13:03:03;false;Account matrix invoice;2021-07-25T00:16:28;Generic;2021-07-24T07:58:37
7;purple Cheese;Auto Borders;91742;Officer Cheese interface;2021-07-24T12:17:58;2021-07-25T03:46:13;false;Shoes Automotive;2021-07-25T02:39:29;면 navigating Product;2021-07-24T14:11:50
8;Pizza Fresh Reduced;Buckinghamshire;37728;teal;2021-07-25T02:02:09;2021-07-24T13:52:20;true;Intelligent copying e-services;2021-07-24T14:19:01;transmitting fresh-thinking sensor;2021-07-24T18:54:43
9;Direct metrics;stable 전남;58395;back-end 대구;2021-07-24T12:05:59;2021-07-25T01:35:44;false;Rupee Pizza;2021-07-24T07:45:39;Intuitive;2021-07-24T18:01:34
10;overriding Cotton transmitting;XSS Product Future;26311;Buckinghamshire;2021-07-24T09:24:38;2021-07-24T16:59:05;false;South New circuit;2021-07-24T08:51:34;fault-tolerant;2021-07-25T03:19:53
